Name,Age,DOB,Food
Leroy,7,Jan-7-2000,Kibble
Sam,20,Jan-7-2000,Rocks
Fiona,2,Jan-7-2000,Meat
Leroy,7,Jan-7-2000,Kibble
Sam,20,Jan-7-2000,Rocks
Fiona,2,Jan-7-2000,Meat
Leroy,7,Jan-7-2000,Kibble
Sam,20,Jan-7-2000,Rocks
Fiona,2,Jan-7-2000,Meat
Leroy,7,Jan-7-2000,Kibble
Sam,20,Jan-7-2000,Rocks
Fiona,2,Jan-7-2000,Meat
Leroy,7,Jan-7-2000,Kibble
Sam,20,Jan-7-2000,Rocks
Fiona,2,Jan-7-2000,Meat
Leroy,7,Jan-7-2000,Kibble
Sam,20,Jan-7-2000,Rocks
Fiona,2,Jan-7-2000,Meat
Leroy,7,Jan-7-2000,Kibble
Sam,20,Jan-7-2000,Rocks
Fiona,2,Jan-7-2000,Meat
Leroy,7,Jan-7-2000,Kibble
Sam,20,Jan-7-2000,Rocks
Fiona,2,Jan-7-2000,Meat
Leroy,7,Jan-7-2000,Kibble
Sam,20,Jan-7-2000,Rocks
Fiona,2,Jan-7-2000,Meat
Leroy,7,Jan-7-2000,Kibble
Sam,20,Jan-7-2000,Rocks
Fiona,2,Jan-7-2000,Meat
Leroy,7,Jan-7-2000,Kibble
Sam,20,Jan-7-2000,Rocks
Fiona,2,Jan-7-2000,Meat
Leroy,7,Jan-7-2000,Kibble
Sam,20,Jan-7-2000,Rocks
Fiona,2,Jan-7-2000,Meat
Leroy,7,Jan-7-2000,Kibble
Sam,20,Jan-7-2000,Rocks
Fiona,2,Jan-7-2000,Meat
Leroy,7,Jan-7-2000,Kibble
Sam,20,Jan-7-2000,Rocks
Fiona,2,Jan-7-2000,Meat
Leroy,7,Jan-7-2000,Kibble
Sam,20,Jan-7-2000,Rocks
Fiona,2,Jan-7-2000,Meat
Leroy,7,Jan-7-2000,Kibble
Sam,20,Jan-7-2000,Rocks
Fiona,2,Jan-7-2000,Meat
Leroy,7,Jan-7-2000,Kibble
Sam,20,Jan-7-2000,Rocks
Fiona,2,Jan-7-2000,Meat
Leroy,7,Jan-7-2000,Kibble
Sam,20,Jan-7-2000,Rocks
Fiona,2,Jan-7-2000,Meat
Leroy,7,Jan-7-2000,Kibble
Sam,20,Jan-7-2000,Rocks
Fiona,2,Jan-7-2000,Meat
Leroy,7,Jan-7-2000,Kibble
Sam,20,Jan-7-2000,Rocks
Fiona,2,Jan-7-2000,Meat
Leroy,7,Jan-7-2000,Kibble
Sam,20,Jan-7-2000,Rocks
Fiona,2,Jan-7-2000,Meat
Leroy,7,Jan-7-2000,Kibble
Sam,20,Jan-7-2000,Rocks
Fiona,2,Jan-7-2000,Meat
Leroy,7,Jan-7-2000,Kibble
Sam,20,Jan-7-2000,Rocks
Fiona,2,Jan-7-2000,Meat
Leroy,7,Jan-7-2000,Kibble
Sam,20,Jan-7-2000,Rocks
Fiona,2,Jan-7-2000,Meat
Leroy,7,Jan-7-2000,Kibble
Sam,20,Jan-7-2000,Rocks
Fiona,2,Jan-7-2000,Meat
Leroy,7,Jan-7-2000,Kibble
Sam,20,Jan-7-2000,Rocks
Fiona,2,Jan-7-2000,Meat
Leroy,7,Jan-7-2000,Kibble
Sam,20,Jan-7-2000,Rocks
Fiona,2,Jan-7-2000,Meat
Leroy,7,Jan-7-2000,Kibble
Sam,20,Jan-7-2000,Rocks
Fiona,2,Jan-7-2000,Meat
Leroy,7,Jan-7-2000,Kibble
Sam,20,Jan-7-2000,Rocks
Fiona,2,Jan-7-2000,Meat
Leroy,7,Jan-7-2000,Kibble
Sam,20,Jan-7-2000,Rocks
Fiona,2,Jan-7-2000,Meat
Leroy,7,Jan-7-2000,Kibble
Sam,20,Jan-7-2000,Rocks
Fiona,2,Jan-7-2000,Meat
Leroy,7,Jan-7-2000,Kibble
Sam,20,Jan-7-2000,Rocks
Fiona,2,Jan-7-2000,Meat
Leroy,7,Jan-7-2000,Kibble
Sam,20,Jan-7-2000,Rocks
Fiona,2,Jan-7-2000,Meat
Leroy,7,Jan-7-2000,Kibble
Sam,20,Jan-7-2000,Rocks
Fiona,2,Jan-7-2000,Meat
Leroy,7,Jan-7-2000,Kibble
Sam,20,Jan-7-2000,Rocks
Fiona,2,Jan-7-2000,Meat
Leroy,7,Jan-7-2000,Kibble
Sam,20,Jan-7-2000,Rocks
Fiona,2,Jan-7-2000,Meat
Leroy,7,Jan-7-2000,Kibble
Sam,20,Jan-7-2000,Rocks
Fiona,2,Jan-7-2000,Meat
Leroy,7,Jan-7-2000,Kibble
Sam,20,Jan-7-2000,Rocks
Fiona,2,Jan-7-2000,Meat
Leroy,7,Jan-7-2000,Kibble
Sam,20,Jan-7-2000,Rocks
Fiona,2,Jan-7-2000,Meat
Leroy,7,Jan-7-2000,Kibble
Sam,20,Jan-7-2000,Rocks
Fiona,2,Jan-7-2000,Meat
Leroy,7,Jan-7-2000,Kibble
Sam,20,Jan-7-2000,Rocks
Fiona,2,Jan-7-2000,Meat
Leroy,7,Jan-7-2000,Kibble
Sam,20,Jan-7-2000,Rocks
Fiona,2,Jan-7-2000,Meat
Leroy,7,Jan-7-2000,Kibble
Sam,20,Jan-7-2000,Rocks
Fiona,2,Jan-7-2000,Meat
Leroy,7,Jan-7-2000,Kibble
Sam,20,Jan-7-2000,Rocks
Fiona,2,Jan-7-2000,Meat
Leroy,7,Jan-7-2000,Kibble
Sam,20,Jan-7-2000,Rocks
Fiona,2,Jan-7-2000,Meat
Leroy,7,Jan-7-2000,Kibble
Sam,20,Jan-7-2000,Rocks
Fiona,2,Jan-7-2000,Meat
Leroy,7,Jan-7-2000,Kibble
Sam,20,Jan-7-2000,Rocks
Fiona,2,Jan-7-2000,Meat
Leroy,7,Jan-7-2000,Kibble
Sam,20,Jan-7-2000,Rocks
Fiona,2,Jan-7-2000,Meat
Leroy,7,Jan-7-2000,Kibble
Sam,20,Jan-7-2000,Rocks
Fiona,2,Jan-7-2000,Meat
Leroy,7,Jan-7-2000,Kibble
Sam,20,Jan-7-2000,Rocks
Fiona,2,Jan-7-2000,Meat
Leroy,7,Jan-7-2000,Kibble
Sam,20,Jan-7-2000,Rocks
Fiona,2,Jan-7-2000,Meat
Leroy,7,Jan-7-2000,Kibble
Sam,20,Jan-7-2000,Rocks
Fiona,2,Jan-7-2000,Meat
Leroy,7,Jan-7-2000,Kibble
Sam,20,Jan-7-2000,Rocks
Fiona,2,Jan-7-2000,Meat
Leroy,7,Jan-7-2000,Kibble
Sam,20,Jan-7-2000,Rocks
Fiona,2,Jan-7-2000,Meat